id,date,time,location,event_type,nature,narrative
20000,2024-01-05,12:04,"FENTON, MISSOURI","Caught, entangled in running powered equipment  normal operation","Amputations, avulsions, enucleations  unspecified","An employee was bending 16-gauge metal using a brake machine when their right thumb got caught in the machine's pressing mechanism, resulting in a partial thumb tip amputation. The employee was wearing personal protective equipment at the time of the incident."
20001,2024-01-06,02:24,"GETTYSBURG, PENNSYLVANIA",Struck by rolling powered vehicle or machinery,Traumatic injuries or exposures  unspecified,An employee was operating the walk/ride powered pallet jack in the cooler and became startled which caused him to step off the powered pallet jack while it was in operation and his hand was still on the operating controls. The employee's left ankle was run over by the powered pallet jack resulting…
20002,2024-01-07,12:40,"WEST PALM BEACH, FLORIDA",Direct exposure to electricity  220 volts or less,"Electrocution, electric shock",An employee was installing ceiling trim and received an electrical shock from electrical wiring within a ceiling stud.
20003,2024-01-08,17:45,"BEDFORD CORNERS, NEW YORK",Other fall to lower level  6 to 30 feet,Fractures,"An employee fell off a ladder about midway up or approximately 10 feet from the ground while cleaning the roof and gutters, resulting in a fracture."
20004,2024-01-10,02:21,"LAUDERDALE LAKES, FLORIDA","Struck by door, gate, window","Amputations, avulsions, enucleations  unspecified","A door closed on an employee's finger, causing an amputation to the fingertip."
20005,2024-01-16,21:53,"TONAWANDA, NEW YORK","Caught, entangled in running powered equipment  normal operation",Amputations involving bone loss,An employee was cutting a door with a circular saw and his right little finger was amputated at the second knuckle.
20006,2024-01-19,00:38,"AURORA, COLORADO",Pedestrian struck by forward-moving vehicle in road work zone,Fractures,"An employee was walking across the construction zone to get more material when they were struck by a tractor trailer that was carrying materials. The employee sustained multiple fractured ribs, fractured vertebrae, and a hip injury."
20007,2024-01-20,00:25,"HOUSTON, TEXAS",Exposure to environmental heat  indoor,Effects of heat  unspecified,An employee was hospitalized and treated for heat stress.
20008,2024-01-20,12:54,"LUFKIN, TEXAS","Struck by running powered equipment  during maintenance, cleaning, testing","Avulsions, enucleations without bone loss",An employee was cleaning a fondant machine and amputated part of his left middle fingertip without bone loss. The tissue was surgically reattached.
20009,2024-01-21,06:35,"POMPANO BEACH, FLORIDA",Struck by falling object  unspecified,Fractures,"An employee was assisting with hoisting up a hydraulic cylinder when the cylinder slipped and fell on their foot, fracturing a toe."
20010,2024-01-25,08:39,"LUBBOCK, TEXAS","Collapse, engulfment  open trench or excavation",Fractures,Employees were testing and repairing a sewer line while in a trench that was approximately 3.5 feet deep. Employee 1 was standing and employee 2 was squatting down to work on the line when the trench walls collapsed. Employee 2 was engulfed by the dirt. Both employees were transported to the hospit…
20011,2024-01-31,22:11,"EL PASO, TEXAS",Fall on same level due to slip or trip,Fractures,"An employee was injured inside a car wash tunnel that was being built when he stepped on a trench grate and his leg fell through, causing a fracture to his left leg."
20012,2024-02-02,02:26,"LARGO, FLORIDA",Fall on same level due to slip or trip,Fractures,"An employee was walking out of the freezer, slipped, and fell to the floor resulting in a fractured ankle."
20013,2024-02-04,18:54,"CHICKASHA, OKLAHOMA","Struck by running powered equipment  during maintenance, cleaning, testing",Fractures,Two employees were troubleshooting a palletizer. The injured employee was clearing the work area when the machine was cycled and their right leg was caught in the machine. The employee sustained a fractured ankle.
20014,2024-02-04,19:19,"MIAMI, FLORIDA","Collision with stationary object, nonroadway","Cuts, lacerations, punctures without injury to internal structures",An employee was operating a reach truck when their left foot was crushed between the reach truck and a station. The employee was wearing safety shoes at the time of the incident that contributed to the laceration of the employee's left foot. The incident occurred during training.
20015,2024-02-06,06:36,"NORTH HOOSICK, NEW YORK",Struck by running powered equipment  unspecified,Amputations involving bone loss,An employee was working on a grain auger and sustained amputation of their right index finger.
20016,2024-02-07,05:05,"TUSCALOOSA, ALABAMA",Exposure to electric arc,Electrical burns  any degree,An employee was testing voltage when an arc flash occurred. The employee sustained burns to their face.
20017,2024-02-08,12:45,"NEWPORT, NEW HAMPSHIRE","Struck by running powered equipment  during maintenance, cleaning, testing","Amputations, avulsions, enucleations  unspecified","An employee was dislodging a part that was stuck in the shot blasting machine when the part released and shifted, catching the employee's left middle finger between the part and the belt of the machine. The employee pulled his hand away and sustained a fingertip amputation."
20018,2024-02-08,18:12,"SAINT ALBANS, WEST VIRGINIA","Non-venomous animal bites  except ""bugs""","Fractures and surface, flesh wounds","An employee was delivering mail when they were attacked by a large dog, resulting in a fracture to their right leg and bite wounds on their right arm."
20019,2024-02-09,22:43,"ROCHESTER, NEW YORK",Fall on same level due to slip or trip,Fractures,"An employee was checking refer units on a truck in the docking area when he slipped on ice and fell to the concrete ground, suffering a broken femur."
20020,2024-02-12,06:27,"YERMO, CALIFORNIA",Nonroadway noncollision  vehicle overturn,Fractures,Two employees were performing maintenance on a ground mobility vehicle when it overturned on a military test track. One employee was hospitalized with a compression fracture of his spine and the second was hospitalized due to multiple injuries to the right side of his body.
20021,2024-02-12,20:38,"INDEPENDENCE, MISSOURI",Nonroadway noncollision  fall or jump from moving vehicle,Fractures,"An employee was hanging a cable lasher on fiber lines while in an elevated bucket truck. The crew moved to the next setup and the employee was ejected out of the bucket, falling to the ground approximately 15 feet below. The employee suffered a broken right foot and ankle, a bruised stomach, and a…"
20022,2024-02-13,08:42,"BIRMINGHAM, ALABAMA",Fall on same level  unspecified,Traumatic injuries or exposures  unspecified,"An employee was walking into a building from the employee parking lot when they fell to the ground, resulting in a right knee injury."
20023,2024-02-13,19:44,"FORT WORTH, TEXAS",Other fall to lower level  6 to 30 feet,Fractures,An employee fell approximately six feet from a portable ladder to the ground and fractured their left heel. The employee was hospitalized.
20024,2024-02-14,14:10,"BILLINGS, MONTANA",Other fall to lower level  less than 6 feet,Traumatic injuries or exposures  unspecified,"An employee was on a ladder while retrieving stocked goods from a top shelf when she fell from the bottom rung of the ladder to the cement floor, resulting in a right hip injury that required hospitalization."
20025,2024-02-14,14:57,"PHILADELPHIA, PENNSYLVANIA",Pedestrian struck by vehicle in nonroadway area  unspecified,Fractures,"An employee was struck in the foot by the tire of a skid steer equipped with forks in the front, knocking him down and fracturing his tibia, fibula, and hip. He was hospitalized requiring surgery."
20026,2024-02-15,07:03,"BIRMINGHAM, ALABAMA",Other fall to lower level  unspecified,Fractures,An employee fell while walking down stairs and suffered a broken ankle.
20027,2024-02-17,23:12,"PITTSBURGH, PENNSYLVANIA",Other fall to lower level  unspecified,"Disc disorders, herniated disc","An employee fell while descending stairs, suffering a herniated disk in the neck."
20028,2024-02-18,05:55,"FORT LAUDERDALE, FLORIDA",Struck by object dropped by person,Fractures,"Employee 1 was lifting a bundle of rebar from a flatbed when the bundle fell onto employee 2's right ankle, resulting in a fracture."
20029,2024-02-18,08:23,"FRISCO, COLORADO","Fall from skis, snowboard, sled",Fractures,"An employee was skiing down a hill when her ski caught in the snow. She fell, suffering a broken right tibia."
20030,2024-02-19,05:54,"BROOKLYN, NEW YORK",Injured by object pushed or pulled by person,"Amputations, avulsions, enucleations  unspecified",An employee was making a repair to a fan that was secured to a shipping pallet with bolts. He removed the shipping bolts and stood the fan vertically on the pallet when he lost his grip and his right index fingertip was caught between the fan flange and the shipping pallet. He sustained a fingertip…
20031,2024-02-20,06:59,"NAPERVILLE, ILLINOIS","Collision with stationary object, nonroadway",Amputations involving bone loss,An employee was driving a stand-up forklift through a demising wall pass-through when their left foot became caught between the forklift and a bollard. The employee's foot was crushed and amputated.
20032,2024-02-21,03:43,"ATHENS, GEORGIA",Other fall to lower level  6 to 30 feet,Fractures,A crew was tearing off a section of roof over a concrete deck. An employee fell 25-30 feet off the roof edge that had a permanent railing for safety provided by the hospital. The employee suffered fractures and multiple injuries. The employee was hospitalized.
20033,2024-02-21,08:44,"DE KALB, MISSISSIPPI",Fall on same level due to slip or trip,Fractures,"An employee tripped on a floor mat in the kitchen and fell, fracturing their left hip."
20034,2024-02-22,15:46,"NORWOOD, OHIO",Exposure to environmental heat  outdoor,Effects of heat  unspecified,An employee was delivering mail on a residential route and sustained heat stress requiring hospitalization.
20035,2024-02-22,15:59,"LUVERNE, NORTH DAKOTA",Struck by running powered equipment  n.e.c.,Amputations involving bone loss,An employee was operating a hydraulic torque tool on a main bearing. The tool activated before the torque head was on the bolt. The employee's left little finger became caught between the reaction arm and the main bearing. The finger was crushed and the fingertip was amputated.
20036,2024-02-23,11:59,"FORT LAUDERDALE, FLORIDA",Pedestrian struck by vehicle in nonroadway area  unspecified,"Fractures and surface, flesh wounds",An employee was loading bags into a baggage cart when they were struck by a baggage cart. The employee sustained a severe laceration and a fractured left femur.
20037,2024-02-24,02:07,"KENOSHA, WISCONSIN",Struck by running powered equipment  unspecified,Amputations involving bone loss,An employee was checking RPMs on a part when their hand was pulled into the belt and pulley resulting in amputation of the right middle finger.
20038,2024-02-26,05:20,"BEDFORD PARK, ILLINOIS","Struck by running powered equipment  during maintenance, cleaning, testing",Amputations involving bone loss,"An employee was brushing something off a metal coil at the recoiler of a slitter machine. His glove was caught and pulled into a coil separator, and the separator disk amputated his right little finger. The machine was unguarded at the time."
20039,2024-02-27,16:27,"REXBURG, IDAHO",Caught or wedged between objects  nonrunning,Amputations involving bone loss,"An employee reached around a gate in order to open it when his fingers got stuck in the latch, resulting in a partial amputation of one finger at the knuckle."
20040,2024-03-01,14:01,"WASHINGTON, DISTRICT OF COLUMBIA",Contact with hot objects or substances,Thermal burns  second degree,An employee was using diesel fuel in the asphalt mixing drum to encourage stuck asphalt to move. The diesel vaporized when it touched the hot drum surface and the diesel vapor caused first- and second-degree burns.
20041,2024-03-03,16:37,"FORT WORTH, TEXAS",Fall on same level due to slip or trip,Fractures,"An employee tripped and fell in an inpatient therapy gym, falling to the concrete floor and suffering a broken right femur."
20042,2024-03-04,22:03,"DALLAS, TEXAS","Struck by running powered equipment  during maintenance, cleaning, testing","Amputations, avulsions, enucleations  unspecified",An employee was performing repairs on a crimping machine when their thumb and index finger were crushed in the crimping mechanism. The employee sustained an amputation to the finger.
20043,2024-03-07,10:16,"VALLEY, NEBRASKA","Caught, entangled in running powered equipment  normal operation",Amputations involving bone loss,An employee had just finished unloading a train car and was using a drill to operate a winch attached to the cables that secure the load while in transit. Their right glove was caught by the drill bit and the employee sustained amputations of their little finger at the second knuckle and their ring…
20044,2024-03-14,02:49,"BELK, ALABAMA",Injured by object held or wielded by person,Nonfatal 'crushing' injuries,"An employee was helping repair a sawmill trimmer. The employee transferred a pry bar from their right hand to their left hand, then turned, at which point the employee's left middle fingertip was pinched between the pry bar and a saw box. The fingertip was crushed at the nailbed, but not fractured;…"
20045,2024-03-15,01:55,"OPELIKA, ALABAMA","Struck by running powered equipment  during maintenance, cleaning, testing",Fractures,"An employee was removing debris from the bottom mold of a hydraulic press. The employee was beyond the light curtains when they were crushed by the upper die. The employee sustained fractures to their back, hip, and legs, as well as multiple bruises."
20046,2024-03-25,01:17,"WACO, TEXAS",Contact incidents  unspecified,Amputations involving bone loss,"An employee was disconnecting a trailer from a tractor and attaching a push bar when the bar pin pushed up and pinched their right index finger, resulting in an amputation."
20047,2024-03-26,02:53,"EAST GRANBY, CONNECTICUT","Collision with stationary object, nonroadway",Traumatic injuries or exposures  unspecified,"An employee was driving a three-wheel cart through an interconnecting tunnel when the cart veered into a wall, pinning his left leg against the wall. The employee sustained an injury to the leg."
20048,2024-03-26,03:30,"BROOKHAVEN, MISSISSIPPI",Struck by running powered equipment  unspecified,Multiple severe wounds and internal injuries,"An employee was training to operate the planer mill sorter. While standing on the upper catwalk he noticed that a bin was malfunctioning. As he was cleaning the photo eye, his left arm was caught on the framework of another bin as it was coming back to the up position, breaking and degloving his le…"
20049,2024-03-27,14:50,"SANDUSKY, OHIO",Fall on same level due to slip or trip,Fractures,An employee was walking into work when they slipped on ice and fell. The employee suffered a hip fracture.
20050,2024-03-27,15:34,"AUSTIN, TEXAS",Other fall to lower level  less than 6 feet,Fractures,"An employee was working from a track ladder attached to shelves. As she was reaching to scan the barcode on a box, she fell to the ground about 5 feet below, landing on her left side and suffering a broken left shoulder and wrist."
20051,2024-03-31,17:01,"MILTON, PENNSYLVANIA","Caught, entangled in running powered equipment  normal operation",Amputations involving bone loss,An employee was cutting parts for toolboxes using a metal shear when the shear actuated and his right thumb was amputated to the base of the thumb.
20052,2024-04-01,06:37,"BOSTON, MASSACHUSETTS","Caught, entangled in running powered equipment  normal operation","Amputations, avulsions, enucleations  unspecified",A carpenter utilizing table saw amputated the tip of their left thumb.
20053,2024-04-02,17:43,"SOUTH HOLLAND, ILLINOIS",Struck by running powered equipment  unspecified,"Amputations, avulsions, enucleations  unspecified",An employee was using a table saw when they sustained a left index fingertip amputation.
20054,2024-04-07,12:36,"JEFFERSONVILLE, OHIO",Fall to lower level resulting in exposure or contact  less than 6 feet,"Bruises, contusions",An employee was loading something into their truck while at a truck stop when they slipped on the truck steps and fell. The employee's head struck a metal phone box and their back struck a concrete block. The employee suffered a head contusion and was hospitalized.
20055,2024-04-09,00:22,"CHAPARRAL, NEW MEXICO",Exposure through intact tissue,Traumatic injuries or exposures  unspecified,An employee was troubleshooting a diesel fuel system on a military vehicle when diesel fuel spilled onto the employee.
20056,2024-04-14,04:58,"MUNCY, PENNSYLVANIA",Fall on same level  n.e.c.,Fractures,"The employee was using a long prybar to flip a steel track over so it could be installed on a bulldozer. The employee inserted the prybar into the track chain and began to lift. When the weight of the track went over the center, the employee lost his balance. He fell to the concrete shop floor, bre…"
20057,2024-04-14,20:08,"DALLAS, TEXAS",Pedestrian struck by vehicle or object propelled by another vehicle in nonroadway area,Fractures,An employee was using an order picker. A forklift was being maneuvered around the order picker when its carriage caught the edge of a pallet and forced a stack of pallets forward. The employee was pinned against the order picker by the pallets and suffered a broken left leg.
20058,2024-04-15,11:09,"MIAMI, FLORIDA",Fall to lower level from collapsing structure or equipment  6 to 30 feet,"Closed trauma involving internal organs, major blood vessels","An employee was up a ladder, moving sprinkler heads. The ladder slipped and the employee fell to the ground 8-10 feet below. The employee suffered a collapsed lung and bruised ribs."
20059,2024-04-18,02:26,"SEBASTOPOL, MISSISSIPPI","Stabbing, cutting, slashing by other person","Cuts, lacerations, punctures without injury to internal structures",The injured employee had been hanging live bird. A physical altercation occurred with a co-worker. The co-worker stabbed the injured employee with a knife causing multiple lacerations to the abdomen.
20060,2024-04-18,15:45,"BRYAN, TEXAS","Caught, entangled in running powered equipment  normal operation",Traumatic injuries or exposures  unspecified,"An employee was moving cabinets using a conveyor belt when his right foot got caught between two conveyor belts, resulting in an injury that required hospitalization."
20061,2024-04-20,03:31,"DAYTON, OHIO",Exposure to environmental heat  outdoor,Effects of heat  n.e.c.,An employee was performing regular job duties when they began to feel unwell. The employee was hospitalized for dehydration due to heat.
20062,2024-04-23,13:58,"DENVER, COLORADO","Collision with stationary object, nonroadway",Nonfatal 'crushing' injuries,"An employee was operating a standing forklift when he struck a guard post, crushing his left foot. The employee was hospitalized."
20063,2024-04-25,02:02,"RAINBOW CITY, ALABAMA",Fall on same level due to slip or trip,Fractures,An employee was mopping a client's floor when they slipped and fell on the wet floor. The employee sustained broken bones and required surgery.
20064,2024-04-26,09:14,"CARROLLTON, TEXAS",Other fall to lower level  unspecified,Fractures,An employee was removing plastic from the machine and handing it to another employee when they lost balance and fell from the platform to the floor and broke a wrist.
20065,2024-04-29,20:43,"LYON STATION, PENNSYLVANIA","Slip, trip, stumble while stepping between levels",Fractures,"An employee was exiting a truck when their foot slipped and struck the ground, resulting in compound fractures of their right tibia and fibula."
20066,2024-04-30,04:19,"MIDLAND, TEXAS",Fall to lower level resulting from exposure or contact  unspecified,Fractures,"An employee was performing a cable installation at a residence. The cable was hanging over the road between two poles when a car drove along the road, hitting the cable and pulling the employee off the ladder. The employee suffered fractures to the hand, hip, and leg."
20067,2024-05-02,02:40,"DENTON, TEXAS","Struck by running powered equipment  during maintenance, cleaning, testing",Amputations involving bone loss,"An employee was organizing materials and clearing debris from the operating area when the machine activated, resulting in the amputation of two fingers."
20068,2024-05-13,07:03,"PLEASANT HILL, MISSOURI","Caught, entangled in running powered equipment  normal operation","Amputations, avulsions, enucleations  unspecified",An employee was operating a brake press and crushed their left middle finger between the back gauge and the die resulting in amputation of the fingertip.
20069,2024-05-14,02:23,"TAMPA, FLORIDA",Other fall to lower level  unspecified,Soft tissue injuries  unspecified,An employee was talking to a patient when he lost his balance and fell down the stairs. The employee sustained injuries to both patellar tendons and required surgery.
20070,2024-05-14,12:13,"NEWARK, NEW JERSEY","Struck by running powered equipment  during maintenance, cleaning, testing",Fractures,An employee was inspecting a conveyor belt for mechanical issues when his right arm became caught between a roller and the belt. The employee was hospitalized with fractures to his right hand.
20071,2024-05-16,17:49,"RAMONA, KANSAS",Other fall to lower level  unspecified,Fractures,"An employee had just unloaded feed from a truck and blew out the empty truck with an air hose while approximately 11 feet above the ground. The employee was then descending the attached ladder when they fell to the ground, sustaining compound fractures to their T1, T2, and T3 vertebrae."
20072,2024-05-16,22:49,"EAST GREENBUSH, NEW YORK","Slip, trip, stumble while stepping between levels",Fractures,"An employee was exiting his delivery truck at the loading dock when they slipped on ice on the ground and fell, breaking their right hip."
20073,2024-05-17,17:56,"INDEPENDENCE, MISSOURI",Exposure to environmental heat  outdoor,"Heat stroke, syncope",An employee suffered heat stroke while clearing brush and debris from a roadside.
20074,2024-05-18,21:12,"RAPID CITY, SOUTH DAKOTA","Caught, entangled in running powered equipment  normal operation","Amputations, avulsions, enucleations  unspecified",An employee was observing a forklift under operation when the boards shifted and his right hand became pinched between the supports of the forklift attachment and the forklift tine. The employee sustained a fingertip amputation.
20075,2024-05-20,07:04,"LONGWOOD, FLORIDA",Compressed between running equipment and other object(s),"Cuts, lacerations, punctures without injury to internal structures","An employee was retrieving packages from a conveyor belt. A large package came down the slide and crushed her right little finger, lacerating it."
20076,2024-05-20,22:37,"SHINER, TEXAS",Walked or ran into stationary object,"Cuts, lacerations, punctures without injury to internal structures","An employee was closing a picnic table umbrella. When they moved out of the way of the closing umbrella, they lacerated their lower right leg on the table."
20077,2024-05-24,01:38,"DEER PARK, TEXAS",Flash fire,Thermal burns  second degree,"An employee was preparing to sample a cylinder containing approximately 700 to 1,000 cubic centimeters of liquefied petroleum gas (LPG) to run an analysis for sulfur content. The employee was loading the sample into the testing instrument when he noticed it was leaking at the fitting. Some of the L…"
20078,2024-05-25,12:19,"MIAMI GARDENS, FLORIDA",Struck by falling object  unspecified,Cerebral and other intracranial hemorrhages without skull fracture,"An employee was pulling product to restock when they were struck in the head by an overhead ceiling tile, resulting in a head contusion and internal bleeding."
20079,2024-05-31,00:01,"DALLAS, TEXAS",Compressed between running equipment and other object(s),Fractures,An employee was preparing to conduct maintenance on a passenger boarding bridge (PBB) and was ascending on a scissor lift. The employee had his left hand on the scissor lift railing when the railing struck against the PBB and crushed his index finger. The employee sustained a fractured finger.
20080,2024-06-01,08:26,"GREELEY, COLORADO",Struck by other falling object  n.e.c.,Nonfatal 'crushing' injuries,"An employee was standing by while 110-inch oil and gas pipes were being loaded onto a gooseneck trailer. Some pipes fell from the trailer and one of them landed on the employee's left ankle, crushing it."
20081,2024-06-01,13:57,"AUSTIN, TEXAS",Contact with hot objects or substances,Thermal burns  degree unspecified,"An employee was transferring molten aluminum into a sow (mold). Condensation dripped from a pipe located above the area into the sow as it was staged to fill. When the molten aluminum came into contact with the water, the molten aluminum reacted and was released into the air, contacting the employe…"
20082,2024-06-02,05:03,"DELAND, FLORIDA",Fall on same level due to slip or trip,Traumatic injuries or exposures  unspecified,"An employee was walking to their car, tripped over the concrete parking stop, and fell to the ground. She injured her right wrist, left shoulder and right knee. She also had a bruise on her forehead."
20083,2024-06-02,09:30,"FRESH MEADOWS, NEW YORK",Other fall to lower level  less than 6 feet,Fractures,"An employee was descending the stairs when they tripped on the bottom steps and fell, sustained a fractured ankle and knee."
20084,2024-06-04,20:56,"BARTONVILLE, ILLINOIS",Struck by other falling object  n.e.c.,Fractures,"A fork truck was being used to pick up three stacked metal shipping racks. As the offset racks were lifted, the racks fell onto an employee who was cleaning out tubs. The employee suffered a broken shoulder blade and three broken ribs, and they were hospitalized."
20085,2024-06-09,06:32,"AMARILLO, TEXAS",Fall on same level due to slip or trip,Fractures,An employee was walking when they tripped and fell on the floor. The employee sustained a broken knee.
20086,2024-06-10,21:17,"HOUSTON, TEXAS",Nonroadway noncollision  fall or jump from and struck by moving vehicle,"Cuts, lacerations, punctures without injury to internal structures","An employee was operating a zero-turn mower on a slope next to a retention pond when the mower slipped on the wet grass and slid into the pond. He jumped off the mower and his foot made contact with the mowing deck, resulting in a laceration to his right foot."
20087,2024-06-15,03:01,"HOUSTON, TEXAS",Struck by other falling object  n.e.c.,Fractures,Twenty sheets of sheetrock were leaning against a wall. An employee walked by and the sheetrock fell onto their left leg and fractured it.
20088,2024-06-15,06:43,"GRANVILLE, NEW YORK","Struck by running powered equipment  irregular movement, kick back","Amputations, avulsions, enucleations  unspecified",An employee was cutting wood with a circular saw. The saw kicked back and amputated the tip of the employee's left middle finger.
20089,2024-06-16,19:53,"OZARK, ALABAMA",Fall on same level due to slip or trip,Traumatic injuries or exposures  unspecified,"An employee was retrieving a bucket of paint, tripped and fell to the concrete floor. The employee sustained a head injury."
20090,2024-06-18,09:13,"TRENTON, NEW JERSEY","Struck by propelled, falling, or suspended object  unspecified",Traumatic injuries or exposures  unspecified,"An employee was trying to open a dock door when they were struck by a door clip, resulting in a left eye injury."
20091,2024-06-19,13:12,"TERMINAL ISLAND, CALIFORNIA",Pedestrian struck by vehicle or object propelled by another vehicle in nonroadway area,Fractures,An employee was onboard a vessel moving cargo in the hold when materials fell from a forklift onto her right foot. The employee suffered a fractured foot and sustained a laceration. She was hospitalized.
20092,2024-06-20,01:28,"KETTERING, OHIO",Fall while sitting,Fractures,An employee tripped while sitting and fell to the ground. The employee suffered a facial laceration and a broken neck vertebra.
20093,2024-06-23,21:40,"HAZEL CREST, ILLINOIS",Exposure through intact tissue,"Chemical burns, corrosions  degree unspecified","An employee was washing a tank wagon. They opened a pressurized vessel and were sprayed with sodium hydroxide, resulting in burns."
20094,2024-06-24,10:46,"ROBERTSDALE, ALABAMA","Pedestrian incidents involving motorized land vehicles, n.e.c.",Fractures,An employee was loading a scissor lift onto a trailer when the ramp on the trailer broke and the scissor lift fell over. The employee jumped out of the way and his right femur was fractured.
20095,2024-06-25,00:19,"IRVING, TEXAS","Struck by running powered equipment  during maintenance, cleaning, testing","Cuts, lacerations, punctures without injury to internal structures","An employee was cleaning a deli slicer with a rag. The slicer caught the rag and pulled the employee's finger into the slicer, cutting it."
20096,2024-06-27,19:43,"ALLSTON, MASSACHUSETTS","Slip, trip, stumble while stepping between levels",Fractures,An employee fell on stairs while trying to enter a residence. She suffered a broken left shoulder and right wrist and was hospitalized.
20097,2024-06-29,03:04,"KANSAS CITY, KANSAS",Struck by falling object  unspecified,Amputations involving bone loss,"An employee was changing out grates on metal shredding equipment. His anvil came loose from his position and fell, striking his hip and pinning his right hand against a plate collector. His right index and middle fingers were amputated."
20098,2024-07-02,06:30,"HOMESTEAD, FLORIDA","Bite or sting  insects, ""bugs""",Allergic and irritant dermatitis  acute,"An employee was engaged in landscaping activities and was stung by about 300 bees. The employee was hospitalized with pain and swelling over their face, neck, back, arms, and hands."
20099,2024-07-03,15:45,"HAMBURG, ARKANSAS",Other fall to lower level  unspecified,Concussions,"An employee was climbing up onto a loader when he fell and struck his head, resulting in a concussion."
20100,2024-07-04,07:36,"MERCEDES, TEXAS",Fall on same level due to slip or trip,Fractures,"The injured employee was helping another warehouse employee move some items with a pallet jack. When the injured employee took a step back, he tripped and fell backward, landing on his right leg. The employee was hospitalized for a fractured ankle."
20101,2024-07-07,04:56,"NEW LIMERICK, MAINE","Struck by running powered equipment  during maintenance, cleaning, testing","Amputations, avulsions, enucleations  unspecified",An employee was clearing a jam in the strapping machine when the machine caused a partial amputation of his left index finger.
20102,2024-07-10,06:47,"JACKSONVILLE, FLORIDA",Struck by running powered equipment  n.e.c.,"Cuts, lacerations, punctures without injury to internal structures",A crew was moving a radial stacker. One of them was moving an electric cable when an excavator struck his abdomen with its teeth. He was hospitalized with a puncture wound to the left side of the abdomen that resulted in damage to muscle tissue.
20103,2024-07-10,16:38,"MIDLAND, TEXAS",Struck by dislodged or detached object(s),"Amputations, avulsions, enucleations  unspecified","An employee was replacing a bolt on a scissor lift. A rail fell from the scissor lift and lacerated a finger on his right hand, resulting in the amputation of the fingertip."
20104,2024-07-13,06:16,"ORLANDO, FLORIDA",Other fall to lower level  unspecified,Traumatic injuries or exposures  unspecified,An employee had been preparing a unit at an apartment complex. He was walking down a flight of stairs when he fell to the floor and injured his leg.
20105,2024-07-13,23:25,"HORSEHEADS, NEW YORK",Struck by falling object  unspecified,Fractures,"A crew was dismantling an automated storage unit. A piece of the unit fell on an employee's head, causing a laceration and a skull fracture. The employee was hospitalized."
20106,2024-07-14,23:15,"VENICE, FLORIDA",Compressed between running equipment and other object(s),"Cuts, lacerations, punctures without injury to internal structures",An employee was installing an electrical box when they became pinned between the bucket of an excavator and the electrical fiber box. The employee sustained a laceration to their left inner leg.
20107,2024-07-15,04:49,"STERLING, ILLINOIS","Struck by running powered equipment  during maintenance, cleaning, testing","Amputations, avulsions, enucleations  unspecified","An employee was conducting service on a bearing insert machine. A proximity sensor activated, causing the machine to cycle. A cylinder came down on the employee's finger resulting in a partial amputation. The machine was energized at the time."
20108,2024-07-21,09:29,"BELOIT, WISCONSIN",Other fall to lower level  6 to 30 feet,Fractures,An employee was preparing the mezzanine for painting and was laying plastic on the concrete floor. They noticed a piece of plywood lying on the mezzanine floor and lifted the plywood to lay plastic down. The employee then fell approximately 12 feet through the floor opening the plywood was covering…
20109,2024-07-22,04:51,"GARLAND, TEXAS",Fall to lower level from collapsing structure or equipment  unspecified,Fractures and soft tissue injuries,"An employee was on a six-foot ladder to inspect the mounting bracket for a rollup door. As the employee was adjusting the position of the bracket, the ladder pushed out from under the employee and the employee fell to the ground, breaking their left arm and dislocating their right shoulder."
20110,2024-07-25,18:31,"COOSA PINES, ALABAMA","Struck by rolling, sliding, or shifting objects non-running","Amputations, avulsions, enucleations  unspecified","An employee was unloading tubing and removed the packing slip for one of the tubes. While removing the packing slip, the tube shifted and came down on the employee's little finger resulting in surgical amputation of the fingertip."
20111,2024-07-28,01:42,"HOUSTON, TEXAS","Collision with stationary object, nonroadway","Amputations, avulsions, enucleations  unspecified",An employee was loading a directional drill unit onto a trailer when their finger was caught between the directional drill unit and the trailer. The employee's finger was partially amputated.
20112,2024-07-28,12:13,"ROSENBERG, TEXAS","Collision with stationary object, nonroadway",Fractures and soft tissue injuries,An employee was operating a tugger when their right foot contacted a pallet. The employee sustained an open fracture and dislocation of the foot.
20113,2024-07-31,16:31,"BROOKLYN, NEW YORK",Nonroadway noncollision  vehicle overturn,Traumatic injuries or exposures  unspecified,An employee was operating an excavator on top of an unprocessed pile of construction and demolition waste. The machine tipped over and the employee suffered a back injury.
20114,2024-08-03,07:15,"WALLKILL, NEW YORK","Caught, entangled in running powered equipment  normal operation",Amputations involving bone loss,An employee was working with a metal shear and amputated their right middle finger.
20115,2024-08-03,23:13,"KANSAS CITY, MISSOURI",Fall on same level resulting in exposure or contact,"Amputations, avulsions, enucleations  unspecified","An employee was troubleshooting a machine when he slipped and went to brace himself. His hand entered the machine and the blade contacted his finger, resulting in a fingertip amputation."
20116,2024-08-04,08:36,"MIAMI, FLORIDA",Nonroadway collision with other vehicle(s) moving and standing vehicle,"Cuts, lacerations, punctures without injury to internal structures",An employee was operating a stand-up forklift to transport a pallet and collided with a stationary forklift. The employee sustained a laceration to the left foot and was hospitalized.
20117,2024-08-05,06:54,"PASADENA, TEXAS","Struck by running powered equipment  during maintenance, cleaning, testing","Amputations, avulsions, enucleations  unspecified","An employee was clearing strips of plastic that had jammed in a dicer. The blade caught the employee's cut-resistant glove, pulling their hand into the cutter and amputating the tips of their right ring and little fingers. The fingertips were reattached at the hospital."
20118,2024-08-05,13:30,"PLATTEVILLE, WISCONSIN",Fall on same level due to slip or trip,Fractures,"An employee was walking across the warehouse floor when he fell and struck his head on the concrete floor, resulting in a skull fracture."
20119,2024-08-06,03:38,"NORWALK, OHIO","Collapse, engulfment  n.e.c.",Fractures,"An employee dropped a marker behind a stack of drywall. While retrieving the marker, the stack of drywall fell and knocked him to the ground. The drywall landed on his right foot and ankle, resulting in an ankle fracture."
20120,2024-08-07,10:49,"BUFORD, GEORGIA",Fall on same level due to slip or trip,Fractures,"An employee slipped and fell on the floor, resulting in a fracture to their right wrist."
20121,2024-08-08,17:41,"BEAVER FALLS, NEW YORK","Struck by running powered equipment  during maintenance, cleaning, testing",Fractures,An employee was unjamming paper from calendar stack rollers when their hands became stuck in the rollers and they sustained a broken left wrist and arm.
20122,2024-08-09,19:14,"FAYETTEVILLE, ARKANSAS",Other fall to lower level  unspecified,Fractures,"An employee was loading freight. They went to push the freight while standing on the forks of a forklift. The employee fell off the forks and struck the forks, sustaining broken ribs and a laceration behind an ear."
20123,2024-08-12,20:42,"GRANBY, COLORADO","Collision with stationary object, nonroadway",Multiple severe wounds and internal injuries,"An employee was using a forklift to move pallets near a dumpster. While backing up, the forklift slid on ice and the employee's right hand was pinched between the dumpster and the roll cage, resulting in a partial degloving and broken bones. The injuries required surgery."
20124,2024-08-13,12:23,"KANSAS CITY, MISSOURI","Struck by rolling, sliding, or shifting objects non-running","Cuts, lacerations, punctures without injury to internal structures","An employee was moving pieces of metal from a bin that was on the floor and stacking them on the arm to be stamped. As the employee reached to get more pieces from the bin, the stacked pieces of metal on the arm slipped and cut the employee's upper right arm."
20125,2024-08-19,15:32,"WARREN, OHIO",Nonroadway collision with other vehicle(s) moving and standing vehicle,Fractures,"An employee was backing up a standing powered industrial vehicle (PIV) when it collided with the front of a parked PIV. One of the forks from the parked PIV struck their right lower leg, resulting in a fractured right tibia."
20126,2024-08-20,00:50,"EL PASO, TEXAS","Struck by running powered equipment  during maintenance, cleaning, testing","Amputations, avulsions, enucleations  unspecified",An employee was working on a cutter machine and had an issue with the cutter block. The employee was attempting to correct the issue when the tip of their right little finger was amputated by the machine.
20127,2024-08-21,04:03,"CARTHAGE, MISSOURI","Struck by running powered equipment  during maintenance, cleaning, testing","Amputations, avulsions, enucleations  unspecified",An employee was operating a wire drawer in the wire drawing department to make a spool of single-strain wire. The spool malfunctioned and began to double wrap. The employee stopped the machine and applied tension to get it in place when their hand contacted the jog bar. This resulted in amputation…
20128,2024-08-22,01:55,"GRAND LAKE, COLORADO",Fall on same level due to slip or trip,Fractures,An employee was hiking out from a maintenance operation when they slipped on the dirt trail and fell. The employee sustained a tibial plateau fracture.
20129,2024-08-23,03:34,"AINSWORTH, NEBRASKA",Struck by rolling powered vehicle or machinery,Amputations involving bone loss,"After washing a feed truck in a wash bay, an employee backed the truck up to clean the wash bay floor. It then rolled forward and pinned him against a wall. He suffered a leg injury resulting in the amputation of the leg."
20130,2024-08-26,14:33,"MIDDLEBURG, FLORIDA","Struck against stationary object while rising, lowering",Concussions,"An employee bent over and hit their head on a cabinet door, resulting in a concussion and hospitalization."
20131,2024-08-26,20:19,"ROCK PORT, MISSOURI",Other fall to lower level  less than 6 feet,Intracranial injuries with skull fractures,"An employee was completing inventory while standing on a stool when her legs gave out and she fell backward. The employee struck her head on the corner of a safe, resulting in a skull fracture and brain bleed. The employee was hospitalized."
20132,2024-08-28,18:40,"JACKSONVILLE, FLORIDA",Fall on same level due to slip or trip,Fractures,"An employee was walking in the warehouse while carrying a pallet between two aisles of pallets, tripped on the end of a pallet, and fell to the concrete floor. The employee sustained a left hip fracture and a left elbow fracture."
20133,2024-08-30,14:35,"LAFAYETTE, COLORADO",Event or exposure  unspecified,"Amputations, avulsions, enucleations  unspecified",An employee was moving metal repair parts from the ground to a vehicle. The metal shifted in transit and amputated the employee's left middle fingertip.
20134,2024-09-02,16:05,"DENISON, TEXAS",Struck by other falling object  n.e.c.,Amputations involving bone loss,"An employee was using a hoist to lower a steel pallet when it slipped from the hook and fell on the employee's left hand. His middle, ring, and little fingers were crushed and amputated."
20135,2024-09-05,00:33,"DOWNERS GROVE, ILLINOIS","Hitting, kicking, beating by other person while providing medical or custodial care","Injuries to the brain, spinal cord and severe wounds, internal injuries","A social worker was speaking to a patient. The patient stood up, punched her in the face, pushed her down and against a cart, and then punched her three more times. The social worker sustained a head laceration, an intracranial hemorrhage, and a fractured spine. She was hospitalized."
20136,2024-09-06,03:23,"AMARILLO, TEXAS",Caught or wedged between objects  nonrunning,"Amputations, avulsions, enucleations  unspecified","An employee was removing a pin that was holding together a bucket and a hydraulic cylinder on a skid steer by using a hammer and a hole punch. When the pin was pushed out, the bucket shifted causing the hole punch to move and pinch their left ring finger. They sustained an amputation to the fingert…"
20137,2024-09-07,23:34,"TAMPA, FLORIDA",Contact with hot objects or substances,Thermal burns  degree unspecified,"An employee was clearing a jam in a plastic molding machine. When the stuck plastic came loose, hot plastic struck the employee in the face and caused burns."
20138,2024-09-08,02:40,"BRONX, NEW YORK","Struck by running powered equipment  during maintenance, cleaning, testing",Amputations involving bone loss,An employee was cleaning the rotary valve on a grinder. He went to use a scraper to remove accumulation from shredding when the machine caught his right hand. The machine amputated three fingers and damaged the fourth. He required surgery. The machine was not locked out/tagged out at the time.
20139,2024-09-11,02:24,"ELYSBURG, PENNSYLVANIA","Vehicle struck by falling or flying object(s), nonroadway",Fractures,"Two employees were driving groundskeeping mowers to cut the grass on a golf course. As the two mowers passed each other, one mower struck and threw a golf ball into the right leg of the employee operating the second mower. The injured employee was hospitalized with two fractures in their lower righ…"
20140,2024-09-11,07:06,"EAST SYRACUSE, NEW YORK",Pedestrian struck by vehicle in nonroadway area  unspecified,Fractures,"An employee was putting salt underneath a jackknifed flatbed truck, when the trailer struck her and knocked her to the ground. This resulted in fractures to her upper right extremities and ribs."
20141,2024-09-18,20:08,"KINGSTON, PENNSYLVANIA",Fall on same level due to slip or trip,Fractures,"An employee tripped over a call bell wire that was on the floor and fell to the ground, resulting in a fractured hip."
20142,2024-09-19,16:48,"DENTON, TEXAS",Exposure to environmental heat  unspecified,Effects of heat  unspecified,"An employee was working in shipping when they experienced heat illness, resulting in hospitalization."
20143,2024-09-22,14:41,"COLUMBUS, OHIO",Fall to lower level from collapsing structure or equipment  6 to 30 feet,Fractures and soft tissue injuries,An employee was cleaning broken-up concrete off a bridge deck. He stepped out on a wood deck that was supported by bridge hangers. The bridge hangers at this area of the deck failed and the deck fell. The employee fell 26 feet to the ground below the bridge. The employee sustained fractures to thei…
20144,2024-09-24,01:33,"FORT WORTH, TEXAS",Exposure to environmental heat  outdoor,"Heat stroke, syncope","While bending over to deliver a package, a mail carrier passed out due to heat. The employee was hospitalized with injury due to heat and dehydration."
20145,2024-09-25,23:18,"OKLAHOMA CITY, OKLAHOMA",Fall on same level due to slip or trip,Fractures,"An employee tripped over a sign that had fallen over at the entrance door and fell, resulting in a broken hip."
20146,2024-09-27,11:14,"BRIDGETON, MISSOURI",Fall on same level  n.e.c.,Fractures,"An employee was removing a walkie pallet jack from a pallet in the freezer. As he was dislodging the pallet jack forks that were stuck under the wood pallet, he lost his footing and was spun around landing on the concrete floor underneath the racking. The employee sustained a fractured left hip."
20147,2024-09-30,00:59,"BELMONT, MAINE",Struck by falling object  unspecified,Nonfatal 'crushing' injuries,"An employee was preparing to tow a vehicle. The towing chain slipped, and when the employee went to grab it, the car slipped and fell on the employee's arm, resulting in a crushing injury."
20148,2024-10-06,02:04,"BROOKLYN, NEW YORK",Caught or wedged between objects  nonrunning,"Amputations, avulsions, enucleations  unspecified","An employee was placing a prefabricated structure onto stanchions. As he was tapping the structure with a hammer to align it with the stanchions, his left thumb and index finger were crushed underneath the structure. The employee sustained an amputation to the fingers and was hospitalized."
20149,2024-10-06,14:18,"ALPHARETTA, GEORGIA",Fall on same level due to slip or trip,Fractures,An employee was walking through the warehouse to check orders. They tripped on plastic wrap on a pallet and fell to the floor sustaining a fractured hip.
20150,2024-10-10,09:38,"BUTNER, NORTH CAROLINA","Caught, entangled in running powered equipment  normal operation",Amputations involving bone loss,"An employee was operating a snap machine. The machine activated while his left index finger was between its upper press fixture and the lower die holder, and he suffered a skin avulsion with bone damage. He underwent a medical amputation of a portion of the left index finger."
20151,2024-10-11,12:43,"SAN ANTONIO, TEXAS",Fall on same level  n.e.c.,Fractures,An employee and a co-worker were assessing and attempting to move rental vehicles when a car door opened and struck the employee. The employee then fell to the ground and suffered a fractured hip.
20152,2024-10-12,02:42,"LAKEWOOD, COLORADO",Fall on same level due to slip or trip,Fractures,"An employee was carrying two bags of trash while walking between two cars in the parking lot. The employee slipped on a patch of ice and fell, suffering a fractured left hip and femur."
20153,2024-10-12,06:55,"SAINT PETERSBURG, FLORIDA",Fall on same level due to slip or trip,Traumatic injuries or exposures  unspecified,"An employee was walking in the office when she tripped and fell, resulting in a hip injury. The employee was hospitalized."
20154,2024-10-12,14:10,"GREEN BAY, WISCONSIN",Struck by running powered equipment  n.e.c.,"Amputations, avulsions, enucleations  unspecified","An employee was cutting the rear quarter panel window on an SUV in a parking lot utilizing a non-powered glass cutter and a powered drill. The employee's finger was between the slack line and the window when the line tightened, causing the amputation of their right ring fingertip."
20155,2024-10-13,10:34,"BATON ROUGE, LOUISIANA","Contact with other person, nonviolent or intent unknown  n.e.c.",Fractures,"The injured employee collided with another person in a hallway. The employee fell backward, landing on the floor and suffering a broken left humerus."
20156,2024-10-14,05:21,"HANNIBAL, MISSOURI",Contact incidents  unspecified,"Amputations, avulsions, enucleations  unspecified","An employee was reinstalling a track on a bulldozer. A chain had been used to position the track; with the track in position, the power had been shut off and the track had been secured with a block. As the employee was preparing to correct a slight misalignment using a pry bar, he took hold of the…"
20157,2024-10-18,00:17,"DALLAS, TEXAS",Contact with hot objects or substances,Thermal burns  degree unspecified,"An employee was removing boiling water from the stovetop when they dropped it and the water spilled onto their lower body, resulting in burns."
20158,2024-10-18,15:14,"ROCKFORD, ILLINOIS","Caught, entangled in running powered equipment  normal operation",Amputations involving bone loss,An employee was bending metal in a brake press when the press amputated their right thumb.
20159,2024-10-19,12:33,"DESTREHAN, LOUISIANA",Struck by other falling object  n.e.c.,"Cuts, lacerations, punctures without injury to internal structures","An employee was installing steel siding when a piece became stuck and the rigging was pulled from the siding. A panel of the siding (approximately 28"" x 12' and 28 pounds) then fell and struck them in the right arm, resulting in a laceration to the right bicep and brachial artery."
20160,2024-10-20,02:57,"NORTH LITTLE ROCK, ARKANSAS",Struck by other falling object  n.e.c.,Fractures,"Employees were loading a switchgear cabinet into an elevated room with a telehandler when the cabinet started wobbling/swaying. The cabinet fell from the forks of the telehandler and struck an employee that was spotting for the telehandler, resulting in three fractured ribs, a fractured pelvis, and…"
20161,2024-10-20,12:59,"WESLEY CHAPEL, FLORIDA",Struck by dislodged or detached object(s),"Cuts, lacerations, punctures without injury to internal structures","An employee was cutting a pipe with a circular saw when the pipe pinched the blade and the blade shattered. A projectile from the blade struck the employee in the neck, lacerating him from the Adam's apple around to the ear."
20162,2024-10-21,07:25,"MILLEN, GEORGIA",Struck by running powered equipment  unspecified,"Cuts, lacerations, punctures without injury to internal structures",An employee was using a miter saw to install molding during construction of a new mobile home and sustained severe lacerations to their right arm and hand.
20163,2024-10-21,09:30,"BECKLEY, WEST VIRGINIA",Overexertion while providing medical or custodial care,Fractures,"An employee was lifting a patient weighing approximately 400 lbs. and fractured their L5 vertebra, requiring hospitalization."
20164,2024-10-21,09:46,"HAMPSHIRE, ILLINOIS","Struck by running powered equipment  during maintenance, cleaning, testing",Amputations involving bone loss,"An employee was testing the tension of a belt on a capping machine when his finger got pushed into the drive wheel, severing a portion of the finger above the fingernail. The employee sustained a partial amputation to his left middle finger from the first knuckle."
20165,2024-10-25,20:44,"VANDALIA, OHIO",Fall on same level  unspecified,Fractures,"An employee was walking at the front of the store when they fell, resulting in a hip fracture that required hospitalization."
20166,2024-10-28,19:51,"EVANS, GEORGIA","Struck by running powered equipment  irregular movement, kick back","Amputations, avulsions, enucleations  unspecified","An employee was using a chipping hammer to remove asphalt from around a manhole cover. The hammer got stuck and an excavator operator attempted to remove the hammer using an excavator bucket. The employee reached down to help when the hammer engaged, causing the bucket to jump and pin the employee'…"
20167,2024-10-29,02:18,"EASTLAKE, OHIO",Contact incidents  unspecified,"Amputations, avulsions, enucleations  unspecified","An employee was operating a wax die injection machine with the top of the die open. When the safety kickstand was released, the wax die mold's lid lowered onto their left index finger, resulting in a fingertip amputation."
20168,2024-10-30,13:42,"URBANA, ILLINOIS",Other fall to lower level  unspecified,Fractures,An employee was using a cart with a short ladder on it to retrieve ornaments from the top shelf. The employee was descending the ladder when she missed a step and fell to the floor on her right side. The employee was hospitalized with a fractured femur.
20169,2024-11-01,01:05,"HAZELTON, IDAHO",Nonroadway noncollision  vehicle overturn,"Cuts, lacerations, punctures without injury to internal structures","An employee was driving a dump truck loaded with dirt on a canal bank when the truck tipped over, and objects inside of the truck caused lacerations to his head."
20170,2024-11-04,17:57,"MECHANICSBURG, PENNSYLVANIA",Fall on same level due to slip or trip,Fractures and soft tissue injuries,"An employee was walking on wood matting and fell, resulting in a fractured and dislocated left foot."
20171,2024-11-06,13:45,"BROOKSVILLE, FLORIDA","Struck by falling part of vehicle or machine, still attached","Amputations, avulsions, enucleations  unspecified","An employee was lifting the hood of a tractor to jumpstart the battery when his hand slipped and the hood fell and struck his left hand, resulting in a partial amputation of the little finger."
20172,2024-11-07,07:05,"SECAUCUS, NEW JERSEY",Fall on same level  unspecified,Fractures,"An employee fell to the floor, resulting in fractured legs."
20173,2024-11-07,12:20,"BARTLETT, TEXAS",Struck by other propelled object or substance  n.e.c.,Traumatic injuries or exposures  unspecified,"Mulching equipment was being used to clear tall vegetation at a job site when the equipment encountered hidden wire in the brush. The wire entered the equipment and was projected out of it approximately 300 feet, striking the injured employee's left leg and resulting in an injury."
20174,2024-11-09,20:54,"MYRTLE BEACH, SOUTH CAROLINA",Struck by suspended or swinging objects  n.e.c.,"Amputations, avulsions, enucleations  unspecified",An employee was on the bed of a digger truck assisting the operator with moving a 30-foot pole from the rack on the digger truck to a dumpster for disposal. The employee placed a strap around the pole and attached it to the boom of the digger truck before guiding the pole to the dumpster. As the po…
20175,2024-11-11,00:33,"SCHENECTADY, NEW YORK",Other fall to lower level  unspecified,Fractures,"An employee was entering a basement window when they fell to the basement floor, breaking their elbow."
20176,2024-11-13,12:02,"ORLANDO, FLORIDA",Caught or wedged between objects  nonrunning,Fractures,"An employee was installing shelving. As they were sliding a metal pipe into the wooden shelving unit, the employee's hand was caught between the shelf support and the end of the pipe, resulting in a right index and middle finger fracture."
20177,2024-11-13,14:13,"BRIGHTON, COLORADO",Other fall to lower level  less than 6 feet,Pinched nerve,An employee was hooking a trailer to his tractor when he stepped off the back of the truck and fell 3 feet to the ground. He landed on his back and sustained pinched nerves in his lower back.
20178,2024-11-16,06:02,"PUNTA GORDA, FLORIDA",Overexertion while materials moving by hand,"Sprains, strains, minor tears",An employee was attempting to move a portable heater and strained her back. The employee was hospitalized.
20179,2024-11-24,19:15,"PILESGROVE, NEW JERSEY",Other fall to lower level  unspecified,Traumatic injuries or exposures  unspecified,An employee was working from a ladder to place items on a shelf when they fell off the ladder and sustained a right hip injury.
20180,2024-11-26,08:54,"DENVER, COLORADO","Non-venomous animal bites  except ""bugs""","Cuts, lacerations, punctures without injury to internal structures",An veterinarian was working on a sedated dog when the dog woke up and bit their face.
20181,2024-12-01,09:12,"MIDLAND, TEXAS",Caught or wedged between objects  nonrunning,"Amputations, avulsions, enucleations  unspecified","A rig was running in a hole with 2-3/8 drill string. The crew was utilizing the swivel to make up connections, and had modified the grabbing arm on the laydown machine utilizing dies on the grabbing arm. The drill string was not large enough for the grabbing arm to bite down on. The crew then used…"
20182,2024-12-03,01:48,"PASCAGOULA, MISSISSIPPI",Other fall to lower level  6 to 30 feet,Fractures,"An employee was refilling the cab heater on a mobile crane. While beginning to pour diesel fuel into the upper cab heater tank, the employee fell 79 inches from the crane to the ground. The employee sustained a broken pelvis that required surgery."
20183,2024-12-04,11:31,"SANDUSKY, OHIO",Struck by running powered equipment  unspecified,"Amputations, avulsions, enucleations  unspecified","An employee was moving an air bar onto a winder when he was caught between the air-release mechanism and the air bar, resulting in a left index fingertip amputation."
20184,2024-12-04,11:48,"CRESTLINE, OHIO","Struck by running powered equipment  during maintenance, cleaning, testing","Amputations, avulsions, enucleations  unspecified",An employee was performing maintenance on a pre-wash cold end washer. As he pushed down on the assembly so that it could be fastened in place his hand slipped downward into a chain and sprocket on the washer's conveyor. The equipment was not de-energized or locked out. His right index finger was ca…
20185,2024-12-05,11:42,"WESLEY CHAPEL, FLORIDA",Other fall to lower level  6 to 30 feet,Fractures,"While an employee was crossing over the span to get materials, he fell approximately 12 feet to a lower level and fractured his right wrist."
20186,2024-12-06,19:58,"SAN ANTONIO, TEXAS",Other fall to lower level  unspecified,Fractures,"An employee was descending a ladder when they misstepped and fell to the floor, resulting in a fractured ankle."
20187,2024-12-07,11:40,"DOVER, FLORIDA","Struck by running powered equipment  during maintenance, cleaning, testing",Amputations involving bone loss,An employee was washing plastic tubes in the tank washroom near a belt and pulley system when his hand became caught in the rotating metallic parts of the system. The employee sustained the amputation of two fingers and lacerations to two fingers. The belt and pulley system was unguarded at the tim…
20188,2024-12-08,13:17,"MINOT, NORTH DAKOTA",Struck by object dropped by person,Amputations involving bone loss,"Two employees were lifting a hydraulic tank when the tank slipped and crushed the injured employee's right index finger against a trailer, resulting in an amputation of the finger and hospitalization."
20189,2024-12-08,14:56,"BRISTOL, PENNSYLVANIA",Fall on same level due to slip or trip,Fractures,"While walking an employee tripped and fell, resulting in a compound fracture to their right arm."
20190,2024-12-08,15:03,"KIRBYVILLE, TEXAS",Other fall to lower level  unspecified,Fractures,An employee was on a ladder putting fuel pumps on a shelf when they lost their balance and fell to the floor. They sustained a right hip fracture.
20191,2024-12-12,05:54,"AURORA, OHIO","Struck by running powered equipment  during maintenance, cleaning, testing",Multiple severe wounds and internal injuries,"An employee set up the studs on a machine to prepare to run an order. The part was not level, causing the ram to bind during retraction. The employee's left glove got caught on the ram. This resulted in a thumb tip amputation and their left index finger was broken in multiple places."
20192,2024-12-13,06:46,"HOUSTON, TEXAS",Pedestrian struck by vehicle in nonroadway area  unspecified,Fractures,"An employee was walking near a freight dock when they were struck and run over by an 18-wheeler truck. The employee sustained a fractured foot, a fractured pelvis, and road rash."
20193,2024-12-14,03:17,"CROWLEY, TEXAS",Exposure to electric arc,"Electrocution, electric shock","An employee was monitoring a concrete pour from a commercial vehicle. The boom of the concrete pump truck contacted a 14.4 kV overhead powerline, causing an electric arc to travel back to the employee. The employee sustained an electric shock."
20194,2024-12-15,18:11,"ALLENTOWN, PENNSYLVANIA","Slip, trip, stumble while stepping between levels",Fractures,"An employee was exiting a school when he turned and fell off the curb, fracturing his hip."
20195,2024-12-16,22:48,"TAMPA, FLORIDA",Ingestion of harmful substance,"Multiple effects of poison, toxic, or allergenic exposure","An employee was handed a water bottle and drank liquid from it thinking the liquid was water. It was later determined that the bottle was filled with acetone. The employee began bleeding from his mouth, became ill, and was hospitalized."
20196,2024-12-19,15:22,"GORHAM, MAINE",Pedestrian struck by vehicle in nonroadway area  unspecified,Fractures,"An employee was walking to their vehicle to take a break when they were struck by a customer's car, resulting in a fractured lower right leg."
20197,2024-12-21,16:31,"SPRING, TEXAS","Struck by falling part of vehicle or machine, still attached",Amputations involving bone loss,"An employee was driving the water truck and spraying water when a third-party dump truck driver flagged him down asking for help. The dump truck driver's tailgate was in a bind with the screen that covers the truck bed. When the employee got up on the truck to help, the tailgate released and slamme…"
20198,2024-12-24,12:32,"NORTH SYRACUSE, NEW YORK",Struck by running powered equipment  unspecified,"Amputations, avulsions, enucleations  unspecified",An employee was using a router when they sustained a fingertip amputation.
20199,2024-12-27,02:34,"SAINT PETERSBURG, FLORIDA",Exposure to electric arc,Electrical burns  any degree,"An employee was de-energizing a stand-alone three-phase 3,000-kVA transformer. The employee had opened a bay on the switchgear and removed the barrier board covering a 200-amp switch. The employee then used a 6-foot insulated work stick to open the fuse door. As soon as the top of the fuse door sep…"
